{"val_loss": [0.2545519718953541, 0.23645090535708835, 0.22187293360914503], "val_acc": [0.9285714289120265, 0.9359999997956412, 0.9394285712242126], "loss": [0.2867603938352494, 0.26378518281474944, 0.24717239720291562], "acc": [0.8889523809448121, 0.9015238095162407, 0.9123174603174603]}